,country,age_group,suicide_rate
0,Afghanistan,TOTAL_Y15T24,4.71
1,Afghanistan,TOTAL_Y25T34,7.6
2,Afghanistan,TOTAL_Y35T44,8.65
3,Afghanistan,TOTAL_Y45T54,9.56
4,Afghanistan,TOTAL_Y55T64,9.82
5,Afghanistan,TOTAL_Y65T74,10.73
6,Afghanistan,TOTAL_Y75T84,8.47
7,Afghanistan,TOTAL_Y_GE85,24.46
8,Africa,TOTAL_Y15T24,
9,Africa,TOTAL_Y25T34,
10,Africa,TOTAL_Y35T44,
11,Africa,TOTAL_Y45T54,
12,Africa,TOTAL_Y55T64,
13,Africa,TOTAL_Y65T74,
14,Africa,TOTAL_Y75T84,
15,Africa,TOTAL_Y_GE85,
16,Albania,TOTAL_Y15T24,4.67
17,Albania,TOTAL_Y25T34,2.73
18,Albania,TOTAL_Y35T44,4.89
19,Albania,TOTAL_Y45T54,6.16
20,Albania,TOTAL_Y55T64,4.71
21,Albania,TOTAL_Y65T74,3.53
22,Albania,TOTAL_Y75T84,9.89
23,Albania,TOTAL_Y_GE85,22.84
24,Algeria,TOTAL_Y15T24,3.32
25,Algeria,TOTAL_Y25T34,4.11
26,Algeria,TOTAL_Y35T44,3.89
27,Algeria,TOTAL_Y45T54,2.65
28,Algeria,TOTAL_Y55T64,2.32
29,Algeria,TOTAL_Y65T74,2.77
30,Algeria,TOTAL_Y75T84,4.35
31,Algeria,TOTAL_Y_GE85,8.34
32,Americas,TOTAL_Y15T24,
33,Americas,TOTAL_Y25T34,
34,Americas,TOTAL_Y35T44,
35,Americas,TOTAL_Y45T54,
36,Americas,TOTAL_Y55T64,
37,Americas,TOTAL_Y65T74,
38,Americas,TOTAL_Y75T84,
39,Americas,TOTAL_Y_GE85,
40,Angola,TOTAL_Y15T24,3.7
41,Angola,TOTAL_Y25T34,5.82
42,Angola,TOTAL_Y35T44,8.4
43,Angola,TOTAL_Y45T54,20.49
44,Angola,TOTAL_Y55T64,32.1
45,Angola,TOTAL_Y65T74,47.41
46,Angola,TOTAL_Y75T84,63.54
47,Angola,TOTAL_Y_GE85,165.09
48,Antigua and Barbuda,TOTAL_Y15T24,
49,Antigua and Barbuda,TOTAL_Y25T34,
50,Antigua and Barbuda,TOTAL_Y35T44,
51,Antigua and Barbuda,TOTAL_Y45T54,
52,Antigua and Barbuda,TOTAL_Y55T64,3.71
53,Antigua and Barbuda,TOTAL_Y65T74,
54,Antigua and Barbuda,TOTAL_Y75T84,
55,Antigua and Barbuda,TOTAL_Y_GE85,
56,Argentina,TOTAL_Y15T24,11.77
57,Argentina,TOTAL_Y25T34,11.14
58,Argentina,TOTAL_Y35T44,9.6
59,Argentina,TOTAL_Y45T54,9.63
60,Argentina,TOTAL_Y55T64,10.48
61,Argentina,TOTAL_Y65T74,11.03
62,Argentina,TOTAL_Y75T84,13.91
63,Argentina,TOTAL_Y_GE85,15.83
64,Armenia,TOTAL_Y15T24,1.29
65,Armenia,TOTAL_Y25T34,1.44
66,Armenia,TOTAL_Y35T44,3.23
67,Armenia,TOTAL_Y45T54,4.48
68,Armenia,TOTAL_Y55T64,4.85
69,Armenia,TOTAL_Y65T74,6.61
70,Armenia,TOTAL_Y75T84,13.74
71,Armenia,TOTAL_Y_GE85,27.89
72,Australia,TOTAL_Y15T24,11.8
73,Australia,TOTAL_Y25T34,14.36
74,Australia,TOTAL_Y35T44,17.17
75,Australia,TOTAL_Y45T54,18.83
76,Australia,TOTAL_Y55T64,16.15
77,Australia,TOTAL_Y65T74,11.39
78,Australia,TOTAL_Y75T84,14.51
79,Australia,TOTAL_Y_GE85,16.05
80,Austria,TOTAL_Y15T24,7.77
81,Austria,TOTAL_Y25T34,9.58
82,Austria,TOTAL_Y35T44,14.11
83,Austria,TOTAL_Y45T54,19.65
84,Austria,TOTAL_Y55T64,17.24
85,Austria,TOTAL_Y65T74,18.1
86,Austria,TOTAL_Y75T84,33.0
87,Austria,TOTAL_Y_GE85,34.32
88,Azerbaijan,TOTAL_Y15T24,4.0
89,Azerbaijan,TOTAL_Y25T34,4.89
90,Azerbaijan,TOTAL_Y35T44,5.42
91,Azerbaijan,TOTAL_Y45T54,5.25
92,Azerbaijan,TOTAL_Y55T64,5.7
93,Azerbaijan,TOTAL_Y65T74,6.82
94,Azerbaijan,TOTAL_Y75T84,10.4
95,Azerbaijan,TOTAL_Y_GE85,23.97
96,Bahamas,TOTAL_Y15T24,3.35
97,Bahamas,TOTAL_Y25T34,5.58
98,Bahamas,TOTAL_Y35T44,4.95
99,Bahamas,TOTAL_Y45T54,4.16
100,Bahamas,TOTAL_Y55T64,4.19
101,Bahamas,TOTAL_Y65T74,
102,Bahamas,TOTAL_Y75T84,6.05
103,Bahamas,TOTAL_Y_GE85,11.26
104,Bahrain,TOTAL_Y15T24,8.61
105,Bahrain,TOTAL_Y25T34,13.21
106,Bahrain,TOTAL_Y35T44,12.1
107,Bahrain,TOTAL_Y45T54,8.5
108,Bahrain,TOTAL_Y55T64,5.41
109,Bahrain,TOTAL_Y65T74,5.32
110,Bahrain,TOTAL_Y75T84,11.76
111,Bahrain,TOTAL_Y_GE85,30.11
112,Bangladesh,TOTAL_Y15T24,4.28
113,Bangladesh,TOTAL_Y25T34,4.41
114,Bangladesh,TOTAL_Y35T44,4.26
115,Bangladesh,TOTAL_Y45T54,5.25
116,Bangladesh,TOTAL_Y55T64,4.92
117,Bangladesh,TOTAL_Y65T74,6.36
118,Bangladesh,TOTAL_Y75T84,10.27
119,Bangladesh,TOTAL_Y_GE85,19.53
120,Barbados,TOTAL_Y15T24,0.0
121,Barbados,TOTAL_Y25T34,
122,Barbados,TOTAL_Y35T44,0.35
123,Barbados,TOTAL_Y45T54,0.71
124,Barbados,TOTAL_Y55T64,
125,Barbados,TOTAL_Y65T74,
126,Barbados,TOTAL_Y75T84,3.39
127,Barbados,TOTAL_Y_GE85,
128,Belarus,TOTAL_Y15T24,7.92
129,Belarus,TOTAL_Y25T34,17.8
130,Belarus,TOTAL_Y35T44,25.56
131,Belarus,TOTAL_Y45T54,31.28
132,Belarus,TOTAL_Y55T64,30.26
133,Belarus,TOTAL_Y65T74,30.86
134,Belarus,TOTAL_Y75T84,36.15
135,Belarus,TOTAL_Y_GE85,59.58
136,Belgium,TOTAL_Y15T24,6.83
137,Belgium,TOTAL_Y25T34,13.65
138,Belgium,TOTAL_Y35T44,20.74
139,Belgium,TOTAL_Y45T54,28.48
140,Belgium,TOTAL_Y55T64,28.69
141,Belgium,TOTAL_Y65T74,22.25
142,Belgium,TOTAL_Y75T84,29.72
143,Belgium,TOTAL_Y_GE85,33.51
144,Belize,TOTAL_Y15T24,5.36
145,Belize,TOTAL_Y25T34,15.16
146,Belize,TOTAL_Y35T44,9.68
147,Belize,TOTAL_Y45T54,7.84
148,Belize,TOTAL_Y55T64,10.53
149,Belize,TOTAL_Y65T74,13.62
150,Belize,TOTAL_Y75T84,17.19
151,Belize,TOTAL_Y_GE85,23.05
152,Benin,TOTAL_Y15T24,5.45
153,Benin,TOTAL_Y25T34,8.3
154,Benin,TOTAL_Y35T44,11.17
155,Benin,TOTAL_Y45T54,19.55
156,Benin,TOTAL_Y55T64,28.54
157,Benin,TOTAL_Y65T74,42.61
158,Benin,TOTAL_Y75T84,56.53
159,Benin,TOTAL_Y_GE85,126.42
160,Bhutan,TOTAL_Y15T24,2.87
161,Bhutan,TOTAL_Y25T34,4.26
162,Bhutan,TOTAL_Y35T44,
163,Bhutan,TOTAL_Y45T54,6.88
164,Bhutan,TOTAL_Y55T64,9.56
165,Bhutan,TOTAL_Y65T74,14.25
166,Bhutan,TOTAL_Y75T84,25.52
167,Bhutan,TOTAL_Y_GE85,39.05
168,Bolivia (Plurinational State of),TOTAL_Y15T24,6.73
169,Bolivia (Plurinational State of),TOTAL_Y25T34,5.84
170,Bolivia (Plurinational State of),TOTAL_Y35T44,6.89
171,Bolivia (Plurinational State of),TOTAL_Y45T54,10.06
172,Bolivia (Plurinational State of),TOTAL_Y55T64,13.8
173,Bolivia (Plurinational State of),TOTAL_Y65T74,17.33
174,Bolivia (Plurinational State of),TOTAL_Y75T84,17.63
175,Bolivia (Plurinational State of),TOTAL_Y_GE85,18.77
176,Bosnia and Herzegovina,TOTAL_Y15T24,6.86
177,Bosnia and Herzegovina,TOTAL_Y25T34,7.64
178,Bosnia and Herzegovina,TOTAL_Y35T44,10.72
179,Bosnia and Herzegovina,TOTAL_Y45T54,12.86
180,Bosnia and Herzegovina,TOTAL_Y55T64,14.2
181,Bosnia and Herzegovina,TOTAL_Y65T74,18.31
182,Bosnia and Herzegovina,TOTAL_Y75T84,23.79
183,Bosnia and Herzegovina,TOTAL_Y_GE85,54.59
184,Botswana,TOTAL_Y15T24,10.84
185,Botswana,TOTAL_Y25T34,14.98
186,Botswana,TOTAL_Y35T44,30.61
187,Botswana,TOTAL_Y45T54,43.33
188,Botswana,TOTAL_Y55T64,38.47
189,Botswana,TOTAL_Y65T74,40.49
190,Botswana,TOTAL_Y75T84,49.31
191,Botswana,TOTAL_Y_GE85,94.2
192,Brazil,TOTAL_Y15T24,7.61
193,Brazil,TOTAL_Y25T34,7.24
194,Brazil,TOTAL_Y35T44,8.48
195,Brazil,TOTAL_Y45T54,9.24
196,Brazil,TOTAL_Y55T64,9.43
197,Brazil,TOTAL_Y65T74,10.42
198,Brazil,TOTAL_Y75T84,12.17
199,Brazil,TOTAL_Y_GE85,15.36
200,Brunei Darussalam,TOTAL_Y15T24,
201,Brunei Darussalam,TOTAL_Y25T34,6.67
202,Brunei Darussalam,TOTAL_Y35T44,5.17
203,Brunei Darussalam,TOTAL_Y45T54,3.01
204,Brunei Darussalam,TOTAL_Y55T64,0.0
205,Brunei Darussalam,TOTAL_Y65T74,
206,Brunei Darussalam,TOTAL_Y75T84,13.85
207,Brunei Darussalam,TOTAL_Y_GE85,58.52
208,Bulgaria,TOTAL_Y15T24,3.68
209,Bulgaria,TOTAL_Y25T34,6.42
210,Bulgaria,TOTAL_Y35T44,7.31
211,Bulgaria,TOTAL_Y45T54,10.57
212,Bulgaria,TOTAL_Y55T64,12.58
213,Bulgaria,TOTAL_Y65T74,15.16
214,Bulgaria,TOTAL_Y75T84,23.67
215,Bulgaria,TOTAL_Y_GE85,35.43
216,Burkina Faso,TOTAL_Y15T24,5.04
217,Burkina Faso,TOTAL_Y25T34,7.85
218,Burkina Faso,TOTAL_Y35T44,11.46
219,Burkina Faso,TOTAL_Y45T54,21.95
220,Burkina Faso,TOTAL_Y55T64,34.37
221,Burkina Faso,TOTAL_Y65T74,54.17
222,Burkina Faso,TOTAL_Y75T84,70.02
223,Burkina Faso,TOTAL_Y_GE85,218.2
224,Burundi,TOTAL_Y15T24,4.42
225,Burundi,TOTAL_Y25T34,5.99
226,Burundi,TOTAL_Y35T44,9.4
227,Burundi,TOTAL_Y45T54,18.63
228,Burundi,TOTAL_Y55T64,30.02
229,Burundi,TOTAL_Y65T74,42.37
230,Burundi,TOTAL_Y75T84,59.01
231,Burundi,TOTAL_Y_GE85,130.95
232,Cabo Verde,TOTAL_Y15T24,5.82
233,Cabo Verde,TOTAL_Y25T34,10.04
234,Cabo Verde,TOTAL_Y35T44,16.77
235,Cabo Verde,TOTAL_Y45T54,28.84
236,Cabo Verde,TOTAL_Y55T64,38.08
237,Cabo Verde,TOTAL_Y65T74,41.2
238,Cabo Verde,TOTAL_Y75T84,55.53
239,Cabo Verde,TOTAL_Y_GE85,95.52
240,Cambodia,TOTAL_Y15T24,5.55
241,Cambodia,TOTAL_Y25T34,6.11
242,Cambodia,TOTAL_Y35T44,6.24
243,Cambodia,TOTAL_Y45T54,7.18
244,Cambodia,TOTAL_Y55T64,9.71
245,Cambodia,TOTAL_Y65T74,13.77
246,Cambodia,TOTAL_Y75T84,12.4
247,Cambodia,TOTAL_Y_GE85,21.62
248,Cameroon,TOTAL_Y15T24,4.88
249,Cameroon,TOTAL_Y25T34,9.27
250,Cameroon,TOTAL_Y35T44,15.15
251,Cameroon,TOTAL_Y45T54,26.37
252,Cameroon,TOTAL_Y55T64,36.66
253,Cameroon,TOTAL_Y65T74,55.71
254,Cameroon,TOTAL_Y75T84,69.93
255,Cameroon,TOTAL_Y_GE85,212.75
256,Canada,TOTAL_Y15T24,11.06
257,Canada,TOTAL_Y25T34,16.29
258,Canada,TOTAL_Y35T44,13.02
259,Canada,TOTAL_Y45T54,16.09
260,Canada,TOTAL_Y55T64,15.0
261,Canada,TOTAL_Y65T74,10.51
262,Canada,TOTAL_Y75T84,13.14
263,Canada,TOTAL_Y_GE85,13.18
264,Central African Republic,TOTAL_Y15T24,6.96
265,Central African Republic,TOTAL_Y25T34,8.34
266,Central African Republic,TOTAL_Y35T44,21.56
267,Central African Republic,TOTAL_Y45T54,51.55
268,Central African Republic,TOTAL_Y55T64,65.44
269,Central African Republic,TOTAL_Y65T74,72.05
270,Central African Republic,TOTAL_Y75T84,74.37
271,Central African Republic,TOTAL_Y_GE85,189.83
272,Chad,TOTAL_Y15T24,3.79
273,Chad,TOTAL_Y25T34,5.6
274,Chad,TOTAL_Y35T44,10.17
275,Chad,TOTAL_Y45T54,20.55
276,Chad,TOTAL_Y55T64,31.38
277,Chad,TOTAL_Y65T74,51.02
278,Chad,TOTAL_Y75T84,71.44
279,Chad,TOTAL_Y_GE85,172.19
280,Chile,TOTAL_Y15T24,7.43
281,Chile,TOTAL_Y25T34,10.12
282,Chile,TOTAL_Y35T44,11.79
283,Chile,TOTAL_Y45T54,13.7
284,Chile,TOTAL_Y55T64,12.29
285,Chile,TOTAL_Y65T74,10.71
286,Chile,TOTAL_Y75T84,13.85
287,Chile,TOTAL_Y_GE85,14.51
288,China,TOTAL_Y15T24,4.26
289,China,TOTAL_Y25T34,5.75
290,China,TOTAL_Y35T44,6.3
291,China,TOTAL_Y45T54,7.38
292,China,TOTAL_Y55T64,11.36
293,China,TOTAL_Y65T74,19.07
294,China,TOTAL_Y75T84,38.43
295,China,TOTAL_Y_GE85,71.92
296,Colombia,TOTAL_Y15T24,5.68
297,Colombia,TOTAL_Y25T34,4.62
298,Colombia,TOTAL_Y35T44,3.86
299,Colombia,TOTAL_Y45T54,3.97
300,Colombia,TOTAL_Y55T64,4.22
301,Colombia,TOTAL_Y65T74,6.47
302,Colombia,TOTAL_Y75T84,8.06
303,Colombia,TOTAL_Y_GE85,11.7
304,Comoros,TOTAL_Y15T24,4.08
305,Comoros,TOTAL_Y25T34,6.2
306,Comoros,TOTAL_Y35T44,7.63
307,Comoros,TOTAL_Y45T54,11.84
308,Comoros,TOTAL_Y55T64,17.66
309,Comoros,TOTAL_Y65T74,27.18
310,Comoros,TOTAL_Y75T84,41.32
311,Comoros,TOTAL_Y_GE85,102.71
312,Congo,TOTAL_Y15T24,3.43
313,Congo,TOTAL_Y25T34,6.03
314,Congo,TOTAL_Y35T44,8.27
315,Congo,TOTAL_Y45T54,17.38
316,Congo,TOTAL_Y55T64,30.27
317,Congo,TOTAL_Y65T74,44.33
318,Congo,TOTAL_Y75T84,60.75
319,Congo,TOTAL_Y_GE85,187.01
320,Costa Rica,TOTAL_Y15T24,11.01
321,Costa Rica,TOTAL_Y25T34,10.01
322,Costa Rica,TOTAL_Y35T44,10.52
323,Costa Rica,TOTAL_Y45T54,11.79
324,Costa Rica,TOTAL_Y55T64,10.62
325,Costa Rica,TOTAL_Y65T74,4.94
326,Costa Rica,TOTAL_Y75T84,4.92
327,Costa Rica,TOTAL_Y_GE85,3.9
328,Croatia,TOTAL_Y15T24,6.38
329,Croatia,TOTAL_Y25T34,8.62
330,Croatia,TOTAL_Y35T44,12.26
331,Croatia,TOTAL_Y45T54,21.32
332,Croatia,TOTAL_Y55T64,25.1
333,Croatia,TOTAL_Y65T74,24.63
334,Croatia,TOTAL_Y75T84,38.28
335,Croatia,TOTAL_Y_GE85,62.22
336,Cuba,TOTAL_Y15T24,4.76
337,Cuba,TOTAL_Y25T34,7.5
338,Cuba,TOTAL_Y35T44,11.63
339,Cuba,TOTAL_Y45T54,16.26
340,Cuba,TOTAL_Y55T64,23.35
341,Cuba,TOTAL_Y65T74,27.28
342,Cuba,TOTAL_Y75T84,42.57
343,Cuba,TOTAL_Y_GE85,54.87
344,Cyprus,TOTAL_Y15T24,4.04
345,Cyprus,TOTAL_Y25T34,2.81
346,Cyprus,TOTAL_Y35T44,4.88
347,Cyprus,TOTAL_Y45T54,6.17
348,Cyprus,TOTAL_Y55T64,5.59
349,Cyprus,TOTAL_Y65T74,3.09
350,Cyprus,TOTAL_Y75T84,5.08
351,Cyprus,TOTAL_Y_GE85,14.27
352,Czechia,TOTAL_Y15T24,8.09
353,Czechia,TOTAL_Y25T34,11.16
354,Czechia,TOTAL_Y35T44,12.45
355,Czechia,TOTAL_Y45T54,14.1
356,Czechia,TOTAL_Y55T64,17.23
357,Czechia,TOTAL_Y65T74,17.81
358,Czechia,TOTAL_Y75T84,19.85
359,Czechia,TOTAL_Y_GE85,21.28
360,Côte d'Ivoire,TOTAL_Y15T24,4.59
361,Côte d'Ivoire,TOTAL_Y25T34,7.96
362,Côte d'Ivoire,TOTAL_Y35T44,12.4
363,Côte d'Ivoire,TOTAL_Y45T54,23.05
364,Côte d'Ivoire,TOTAL_Y55T64,36.11
365,Côte d'Ivoire,TOTAL_Y65T74,59.5
366,Côte d'Ivoire,TOTAL_Y75T84,80.5
367,Côte d'Ivoire,TOTAL_Y_GE85,279.94
368,Democratic People's Republic of Korea,TOTAL_Y15T24,6.03
369,Democratic People's Republic of Korea,TOTAL_Y25T34,7.4
370,Democratic People's Republic of Korea,TOTAL_Y35T44,8.1
371,Democratic People's Republic of Korea,TOTAL_Y45T54,11.13
372,Democratic People's Republic of Korea,TOTAL_Y55T64,18.95
373,Democratic People's Republic of Korea,TOTAL_Y65T74,22.64
374,Democratic People's Republic of Korea,TOTAL_Y75T84,26.97
375,Democratic People's Republic of Korea,TOTAL_Y_GE85,64.94
376,Democratic Republic of the Congo,TOTAL_Y15T24,3.46
377,Democratic Republic of the Congo,TOTAL_Y25T34,5.42
378,Democratic Republic of the Congo,TOTAL_Y35T44,7.96
379,Democratic Republic of the Congo,TOTAL_Y45T54,18.76
380,Democratic Republic of the Congo,TOTAL_Y55T64,32.74
381,Democratic Republic of the Congo,TOTAL_Y65T74,48.19
382,Democratic Republic of the Congo,TOTAL_Y75T84,63.49
383,Democratic Republic of the Congo,TOTAL_Y_GE85,151.84
384,Denmark,TOTAL_Y15T24,3.97
385,Denmark,TOTAL_Y25T34,6.73
386,Denmark,TOTAL_Y35T44,9.52
387,Denmark,TOTAL_Y45T54,14.17
388,Denmark,TOTAL_Y55T64,16.58
389,Denmark,TOTAL_Y65T74,14.87
390,Denmark,TOTAL_Y75T84,24.28
391,Denmark,TOTAL_Y_GE85,31.83
392,Djibouti,TOTAL_Y15T24,3.39
393,Djibouti,TOTAL_Y25T34,9.0
394,Djibouti,TOTAL_Y35T44,13.74
395,Djibouti,TOTAL_Y45T54,17.99
396,Djibouti,TOTAL_Y55T64,24.01
397,Djibouti,TOTAL_Y65T74,37.83
398,Djibouti,TOTAL_Y75T84,56.59
399,Djibouti,TOTAL_Y_GE85,129.64
400,Dominican Republic,TOTAL_Y15T24,3.85
401,Dominican Republic,TOTAL_Y25T34,6.24
402,Dominican Republic,TOTAL_Y35T44,6.07
403,Dominican Republic,TOTAL_Y45T54,6.7
404,Dominican Republic,TOTAL_Y55T64,9.42
405,Dominican Republic,TOTAL_Y65T74,11.74
406,Dominican Republic,TOTAL_Y75T84,14.21
407,Dominican Republic,TOTAL_Y_GE85,17.98
408,Eastern Mediterranean,TOTAL_Y15T24,
409,Eastern Mediterranean,TOTAL_Y25T34,
410,Eastern Mediterranean,TOTAL_Y35T44,
411,Eastern Mediterranean,TOTAL_Y45T54,
412,Eastern Mediterranean,TOTAL_Y55T64,
413,Eastern Mediterranean,TOTAL_Y65T74,
414,Eastern Mediterranean,TOTAL_Y75T84,
415,Eastern Mediterranean,TOTAL_Y_GE85,
416,Ecuador,TOTAL_Y15T24,13.08
417,Ecuador,TOTAL_Y25T34,10.53
418,Ecuador,TOTAL_Y35T44,8.19
419,Ecuador,TOTAL_Y45T54,7.03
420,Ecuador,TOTAL_Y55T64,8.84
421,Ecuador,TOTAL_Y65T74,10.52
422,Ecuador,TOTAL_Y75T84,10.55
423,Ecuador,TOTAL_Y_GE85,12.64
424,Egypt,TOTAL_Y15T24,4.04
425,Egypt,TOTAL_Y25T34,4.27
426,Egypt,TOTAL_Y35T44,4.33
427,Egypt,TOTAL_Y45T54,
428,Egypt,TOTAL_Y55T64,5.55
429,Egypt,TOTAL_Y65T74,5.7
430,Egypt,TOTAL_Y75T84,5.61
431,Egypt,TOTAL_Y_GE85,10.75
432,El Salvador,TOTAL_Y15T24,8.57
433,El Salvador,TOTAL_Y25T34,7.5
434,El Salvador,TOTAL_Y35T44,10.98
435,El Salvador,TOTAL_Y45T54,6.32
436,El Salvador,TOTAL_Y55T64,4.61
437,El Salvador,TOTAL_Y65T74,8.73
438,El Salvador,TOTAL_Y75T84,7.6
439,El Salvador,TOTAL_Y_GE85,13.04
440,Equatorial Guinea,TOTAL_Y15T24,4.55
441,Equatorial Guinea,TOTAL_Y25T34,9.6
442,Equatorial Guinea,TOTAL_Y35T44,10.85
443,Equatorial Guinea,TOTAL_Y45T54,17.87
444,Equatorial Guinea,TOTAL_Y55T64,30.07
445,Equatorial Guinea,TOTAL_Y65T74,47.07
446,Equatorial Guinea,TOTAL_Y75T84,70.91
447,Equatorial Guinea,TOTAL_Y_GE85,205.1
448,Eritrea,TOTAL_Y15T24,5.1
449,Eritrea,TOTAL_Y25T34,10.62
450,Eritrea,TOTAL_Y35T44,16.81
451,Eritrea,TOTAL_Y45T54,29.58
452,Eritrea,TOTAL_Y55T64,42.5
453,Eritrea,TOTAL_Y65T74,56.32
454,Eritrea,TOTAL_Y75T84,73.93
455,Eritrea,TOTAL_Y_GE85,157.31
456,Estonia,TOTAL_Y15T24,14.64
457,Estonia,TOTAL_Y25T34,12.11
458,Estonia,TOTAL_Y35T44,13.48
459,Estonia,TOTAL_Y45T54,13.23
460,Estonia,TOTAL_Y55T64,24.49
461,Estonia,TOTAL_Y65T74,24.39
462,Estonia,TOTAL_Y75T84,21.83
463,Estonia,TOTAL_Y_GE85,33.09
464,Eswatini,TOTAL_Y15T24,19.19
465,Eswatini,TOTAL_Y25T34,39.92
466,Eswatini,TOTAL_Y35T44,75.03
467,Eswatini,TOTAL_Y45T54,92.98
468,Eswatini,TOTAL_Y55T64,68.39
469,Eswatini,TOTAL_Y65T74,51.68
470,Eswatini,TOTAL_Y75T84,52.31
471,Eswatini,TOTAL_Y_GE85,105.81
472,Ethiopia,TOTAL_Y15T24,2.88
473,Ethiopia,TOTAL_Y25T34,4.26
474,Ethiopia,TOTAL_Y35T44,6.02
475,Ethiopia,TOTAL_Y45T54,11.9
476,Ethiopia,TOTAL_Y55T64,21.09
477,Ethiopia,TOTAL_Y65T74,38.6
478,Ethiopia,TOTAL_Y75T84,64.37
479,Ethiopia,TOTAL_Y_GE85,133.5
480,Europe,TOTAL_Y15T24,
481,Europe,TOTAL_Y25T34,
482,Europe,TOTAL_Y35T44,
483,Europe,TOTAL_Y45T54,
484,Europe,TOTAL_Y55T64,
485,Europe,TOTAL_Y65T74,
486,Europe,TOTAL_Y75T84,
487,Europe,TOTAL_Y_GE85,
488,Fiji,TOTAL_Y15T24,15.37
489,Fiji,TOTAL_Y25T34,12.92
490,Fiji,TOTAL_Y35T44,10.45
491,Fiji,TOTAL_Y45T54,8.42
492,Fiji,TOTAL_Y55T64,11.47
493,Fiji,TOTAL_Y65T74,12.93
494,Fiji,TOTAL_Y75T84,16.93
495,Fiji,TOTAL_Y_GE85,50.29
496,Finland,TOTAL_Y15T24,16.05
497,Finland,TOTAL_Y25T34,20.99
498,Finland,TOTAL_Y35T44,17.18
499,Finland,TOTAL_Y45T54,18.18
500,Finland,TOTAL_Y55T64,18.41
501,Finland,TOTAL_Y65T74,17.08
502,Finland,TOTAL_Y75T84,18.22
503,Finland,TOTAL_Y_GE85,16.82
504,France,TOTAL_Y15T24,4.11
505,France,TOTAL_Y25T34,8.47
506,France,TOTAL_Y35T44,13.27
507,France,TOTAL_Y45T54,19.43
508,France,TOTAL_Y55T64,20.04
509,France,TOTAL_Y65T74,16.69
510,France,TOTAL_Y75T84,28.63
511,France,TOTAL_Y_GE85,28.24
512,Gabon,TOTAL_Y15T24,4.31
513,Gabon,TOTAL_Y25T34,7.53
514,Gabon,TOTAL_Y35T44,9.79
515,Gabon,TOTAL_Y45T54,17.0
516,Gabon,TOTAL_Y55T64,31.29
517,Gabon,TOTAL_Y65T74,51.9
518,Gabon,TOTAL_Y75T84,70.34
519,Gabon,TOTAL_Y_GE85,177.47
520,Gambia,TOTAL_Y15T24,3.37
521,Gambia,TOTAL_Y25T34,4.64
522,Gambia,TOTAL_Y35T44,6.28
523,Gambia,TOTAL_Y45T54,12.36
524,Gambia,TOTAL_Y55T64,23.57
525,Gambia,TOTAL_Y65T74,40.15
526,Gambia,TOTAL_Y75T84,56.53
527,Gambia,TOTAL_Y_GE85,191.73
528,Georgia,TOTAL_Y15T24,6.58
529,Georgia,TOTAL_Y25T34,7.92
530,Georgia,TOTAL_Y35T44,10.24
531,Georgia,TOTAL_Y45T54,11.8
532,Georgia,TOTAL_Y55T64,14.13
533,Georgia,TOTAL_Y65T74,13.77
534,Georgia,TOTAL_Y75T84,19.71
535,Georgia,TOTAL_Y_GE85,36.75
536,Germany,TOTAL_Y15T24,5.99
537,Germany,TOTAL_Y25T34,7.78
538,Germany,TOTAL_Y35T44,10.05
539,Germany,TOTAL_Y45T54,14.95
540,Germany,TOTAL_Y55T64,15.68
541,Germany,TOTAL_Y65T74,16.09
542,Germany,TOTAL_Y75T84,26.5
543,Germany,TOTAL_Y_GE85,37.88
544,Ghana,TOTAL_Y15T24,3.35
545,Ghana,TOTAL_Y25T34,5.24
546,Ghana,TOTAL_Y35T44,8.19
547,Ghana,TOTAL_Y45T54,16.23
548,Ghana,TOTAL_Y55T64,24.16
549,Ghana,TOTAL_Y65T74,40.74
550,Ghana,TOTAL_Y75T84,57.37
551,Ghana,TOTAL_Y_GE85,167.44
552,Greece,TOTAL_Y15T24,2.1
553,Greece,TOTAL_Y25T34,3.27
554,Greece,TOTAL_Y35T44,4.57
555,Greece,TOTAL_Y45T54,7.82
556,Greece,TOTAL_Y55T64,8.07
557,Greece,TOTAL_Y65T74,6.68
558,Greece,TOTAL_Y75T84,7.4
559,Greece,TOTAL_Y_GE85,7.58
560,Grenada,TOTAL_Y15T24,0.0
561,Grenada,TOTAL_Y25T34,
562,Grenada,TOTAL_Y35T44,
563,Grenada,TOTAL_Y45T54,
564,Grenada,TOTAL_Y55T64,
565,Grenada,TOTAL_Y65T74,5.17
566,Grenada,TOTAL_Y75T84,
567,Grenada,TOTAL_Y_GE85,
568,Guatemala,TOTAL_Y15T24,11.32
569,Guatemala,TOTAL_Y25T34,8.66
570,Guatemala,TOTAL_Y35T44,6.97
571,Guatemala,TOTAL_Y45T54,6.55
572,Guatemala,TOTAL_Y55T64,7.17
573,Guatemala,TOTAL_Y65T74,8.08
574,Guatemala,TOTAL_Y75T84,7.32
575,Guatemala,TOTAL_Y_GE85,9.6
576,Guinea,TOTAL_Y15T24,4.7
577,Guinea,TOTAL_Y25T34,8.2
578,Guinea,TOTAL_Y35T44,12.03
579,Guinea,TOTAL_Y45T54,18.92
580,Guinea,TOTAL_Y55T64,27.72
581,Guinea,TOTAL_Y65T74,41.86
582,Guinea,TOTAL_Y75T84,53.58
583,Guinea,TOTAL_Y_GE85,165.6
584,Guinea-Bissau,TOTAL_Y15T24,4.89
585,Guinea-Bissau,TOTAL_Y25T34,7.32
586,Guinea-Bissau,TOTAL_Y35T44,11.48
587,Guinea-Bissau,TOTAL_Y45T54,16.96
588,Guinea-Bissau,TOTAL_Y55T64,31.28
589,Guinea-Bissau,TOTAL_Y65T74,45.58
590,Guinea-Bissau,TOTAL_Y75T84,55.51
591,Guinea-Bissau,TOTAL_Y_GE85,160.24
592,Guyana,TOTAL_Y15T24,52.21
593,Guyana,TOTAL_Y25T34,58.91
594,Guyana,TOTAL_Y35T44,65.54
595,Guyana,TOTAL_Y45T54,53.68
596,Guyana,TOTAL_Y55T64,47.99
597,Guyana,TOTAL_Y65T74,51.99
598,Guyana,TOTAL_Y75T84,48.1
599,Guyana,TOTAL_Y_GE85,128.71
600,Haiti,TOTAL_Y15T24,9.05
601,Haiti,TOTAL_Y25T34,12.67
602,Haiti,TOTAL_Y35T44,17.62
603,Haiti,TOTAL_Y45T54,17.11
604,Haiti,TOTAL_Y55T64,17.71
605,Haiti,TOTAL_Y65T74,19.81
606,Haiti,TOTAL_Y75T84,21.16
607,Haiti,TOTAL_Y_GE85,36.66
608,High-income economies,TOTAL_Y15T24,
609,High-income economies,TOTAL_Y25T34,
610,High-income economies,TOTAL_Y35T44,
611,High-income economies,TOTAL_Y45T54,
612,High-income economies,TOTAL_Y55T64,
613,High-income economies,TOTAL_Y65T74,
614,High-income economies,TOTAL_Y75T84,
615,High-income economies,TOTAL_Y_GE85,
616,Honduras,TOTAL_Y15T24,1.58
617,Honduras,TOTAL_Y25T34,1.89
618,Honduras,TOTAL_Y35T44,2.29
619,Honduras,TOTAL_Y45T54,4.09
620,Honduras,TOTAL_Y55T64,4.55
621,Honduras,TOTAL_Y65T74,7.42
622,Honduras,TOTAL_Y75T84,10.91
623,Honduras,TOTAL_Y_GE85,14.68
624,Hungary,TOTAL_Y15T24,6.94
625,Hungary,TOTAL_Y25T34,9.72
626,Hungary,TOTAL_Y35T44,14.05
627,Hungary,TOTAL_Y45T54,21.08
628,Hungary,TOTAL_Y55T64,28.63
629,Hungary,TOTAL_Y65T74,23.91
630,Hungary,TOTAL_Y75T84,35.21
631,Hungary,TOTAL_Y_GE85,47.76
632,Iceland,TOTAL_Y15T24,17.32
633,Iceland,TOTAL_Y25T34,13.42
634,Iceland,TOTAL_Y35T44,13.67
635,Iceland,TOTAL_Y45T54,16.8
636,Iceland,TOTAL_Y55T64,16.87
637,Iceland,TOTAL_Y65T74,16.25
638,Iceland,TOTAL_Y75T84,
639,Iceland,TOTAL_Y_GE85,0.0
640,India,TOTAL_Y15T24,13.77
641,India,TOTAL_Y25T34,18.56
642,India,TOTAL_Y35T44,18.08
643,India,TOTAL_Y45T54,16.87
644,India,TOTAL_Y55T64,16.26
645,India,TOTAL_Y65T74,17.45
646,India,TOTAL_Y75T84,27.48
647,India,TOTAL_Y_GE85,57.15
648,Indonesia,TOTAL_Y15T24,2.57
649,Indonesia,TOTAL_Y25T34,2.87
650,Indonesia,TOTAL_Y35T44,2.72
651,Indonesia,TOTAL_Y45T54,3.12
652,Indonesia,TOTAL_Y55T64,3.7
653,Indonesia,TOTAL_Y65T74,5.36
654,Indonesia,TOTAL_Y75T84,9.03
655,Indonesia,TOTAL_Y_GE85,23.17
656,Iran (Islamic Republic of),TOTAL_Y15T24,8.24
657,Iran (Islamic Republic of),TOTAL_Y25T34,8.16
658,Iran (Islamic Republic of),TOTAL_Y35T44,6.62
659,Iran (Islamic Republic of),TOTAL_Y45T54,5.29
660,Iran (Islamic Republic of),TOTAL_Y55T64,5.06
661,Iran (Islamic Republic of),TOTAL_Y65T74,4.91
662,Iran (Islamic Republic of),TOTAL_Y75T84,6.53
663,Iran (Islamic Republic of),TOTAL_Y_GE85,12.27
664,Iraq,TOTAL_Y15T24,4.05
665,Iraq,TOTAL_Y25T34,5.4
666,Iraq,TOTAL_Y35T44,5.85
667,Iraq,TOTAL_Y45T54,8.36
668,Iraq,TOTAL_Y55T64,7.86
669,Iraq,TOTAL_Y65T74,8.29
670,Iraq,TOTAL_Y75T84,10.38
671,Iraq,TOTAL_Y_GE85,23.08
672,Ireland,TOTAL_Y15T24,7.55
673,Ireland,TOTAL_Y25T34,12.69
674,Ireland,TOTAL_Y35T44,12.81
675,Ireland,TOTAL_Y45T54,17.29
676,Ireland,TOTAL_Y55T64,13.21
677,Ireland,TOTAL_Y65T74,11.78
678,Ireland,TOTAL_Y75T84,5.3
679,Ireland,TOTAL_Y_GE85,6.08
680,Israel,TOTAL_Y15T24,3.22
681,Israel,TOTAL_Y25T34,6.4
682,Israel,TOTAL_Y35T44,7.09
683,Israel,TOTAL_Y45T54,7.79
684,Israel,TOTAL_Y55T64,9.38
685,Israel,TOTAL_Y65T74,9.64
686,Israel,TOTAL_Y75T84,11.82
687,Israel,TOTAL_Y_GE85,9.03
688,Italy,TOTAL_Y15T24,2.68
689,Italy,TOTAL_Y25T34,3.95
690,Italy,TOTAL_Y35T44,5.8
691,Italy,TOTAL_Y45T54,7.45
692,Italy,TOTAL_Y55T64,8.38
693,Italy,TOTAL_Y65T74,9.34
694,Italy,TOTAL_Y75T84,13.38
695,Italy,TOTAL_Y_GE85,15.79
696,Jamaica,TOTAL_Y15T24,1.68
697,Jamaica,TOTAL_Y25T34,3.0
698,Jamaica,TOTAL_Y35T44,3.39
699,Jamaica,TOTAL_Y45T54,3.54
700,Jamaica,TOTAL_Y55T64,3.37
701,Jamaica,TOTAL_Y65T74,3.76
702,Jamaica,TOTAL_Y75T84,5.15
703,Jamaica,TOTAL_Y_GE85,6.02
704,Japan,TOTAL_Y15T24,12.44
705,Japan,TOTAL_Y25T34,16.15
706,Japan,TOTAL_Y35T44,15.91
707,Japan,TOTAL_Y45T54,20.27
708,Japan,TOTAL_Y55T64,18.77
709,Japan,TOTAL_Y65T74,16.62
710,Japan,TOTAL_Y75T84,20.73
711,Japan,TOTAL_Y_GE85,20.0
712,Jordan,TOTAL_Y15T24,1.57
713,Jordan,TOTAL_Y25T34,2.42
714,Jordan,TOTAL_Y35T44,2.66
715,Jordan,TOTAL_Y45T54,2.67
716,Jordan,TOTAL_Y55T64,2.79
717,Jordan,TOTAL_Y65T74,3.95
718,Jordan,TOTAL_Y75T84,5.61
719,Jordan,TOTAL_Y_GE85,13.69
720,Kazakhstan,TOTAL_Y15T24,16.98
721,Kazakhstan,TOTAL_Y25T34,20.72
722,Kazakhstan,TOTAL_Y35T44,31.28
723,Kazakhstan,TOTAL_Y45T54,26.79
724,Kazakhstan,TOTAL_Y55T64,22.29
725,Kazakhstan,TOTAL_Y65T74,24.11
726,Kazakhstan,TOTAL_Y75T84,38.43
727,Kazakhstan,TOTAL_Y_GE85,111.48
728,Kenya,TOTAL_Y15T24,3.0
729,Kenya,TOTAL_Y25T34,5.38
730,Kenya,TOTAL_Y35T44,11.44
731,Kenya,TOTAL_Y45T54,18.82
732,Kenya,TOTAL_Y55T64,23.78
733,Kenya,TOTAL_Y65T74,35.81
734,Kenya,TOTAL_Y75T84,58.84
735,Kenya,TOTAL_Y_GE85,158.52
736,Kiribati,TOTAL_Y15T24,52.39
737,Kiribati,TOTAL_Y25T34,53.62
738,Kiribati,TOTAL_Y35T44,44.11
739,Kiribati,TOTAL_Y45T54,24.79
740,Kiribati,TOTAL_Y55T64,25.56
741,Kiribati,TOTAL_Y65T74,23.82
742,Kiribati,TOTAL_Y75T84,26.65
743,Kiribati,TOTAL_Y_GE85,50.3
744,Kuwait,TOTAL_Y15T24,2.15
745,Kuwait,TOTAL_Y25T34,3.44
746,Kuwait,TOTAL_Y35T44,4.18
747,Kuwait,TOTAL_Y45T54,3.99
748,Kuwait,TOTAL_Y55T64,3.78
749,Kuwait,TOTAL_Y65T74,3.88
750,Kuwait,TOTAL_Y75T84,4.8
751,Kuwait,TOTAL_Y_GE85,22.04
752,Kyrgyzstan,TOTAL_Y15T24,9.52
753,Kyrgyzstan,TOTAL_Y25T34,7.72
754,Kyrgyzstan,TOTAL_Y35T44,14.05
755,Kyrgyzstan,TOTAL_Y45T54,11.63
756,Kyrgyzstan,TOTAL_Y55T64,9.84
757,Kyrgyzstan,TOTAL_Y65T74,11.34
758,Kyrgyzstan,TOTAL_Y75T84,16.36
759,Kyrgyzstan,TOTAL_Y_GE85,29.83
760,Lao People's Democratic Republic,TOTAL_Y15T24,7.63
761,Lao People's Democratic Republic,TOTAL_Y25T34,8.16
762,Lao People's Democratic Republic,TOTAL_Y35T44,7.09
763,Lao People's Democratic Republic,TOTAL_Y45T54,7.01
764,Lao People's Democratic Republic,TOTAL_Y55T64,7.94
765,Lao People's Democratic Republic,TOTAL_Y65T74,9.6
766,Lao People's Democratic Republic,TOTAL_Y75T84,11.09
767,Lao People's Democratic Republic,TOTAL_Y_GE85,24.72
768,Latvia,TOTAL_Y15T24,10.01
769,Latvia,TOTAL_Y25T34,22.22
770,Latvia,TOTAL_Y35T44,24.46
771,Latvia,TOTAL_Y45T54,28.85
772,Latvia,TOTAL_Y55T64,26.71
773,Latvia,TOTAL_Y65T74,21.48
774,Latvia,TOTAL_Y75T84,26.93
775,Latvia,TOTAL_Y_GE85,25.59
776,Lebanon,TOTAL_Y15T24,3.6
777,Lebanon,TOTAL_Y25T34,3.95
778,Lebanon,TOTAL_Y35T44,3.34
779,Lebanon,TOTAL_Y45T54,3.1
780,Lebanon,TOTAL_Y55T64,3.74
781,Lebanon,TOTAL_Y65T74,4.42
782,Lebanon,TOTAL_Y75T84,5.22
783,Lebanon,TOTAL_Y_GE85,9.08
784,Lesotho,TOTAL_Y15T24,34.04
785,Lesotho,TOTAL_Y25T34,83.93
786,Lesotho,TOTAL_Y35T44,188.16
787,Lesotho,TOTAL_Y45T54,201.61
788,Lesotho,TOTAL_Y55T64,130.92
789,Lesotho,TOTAL_Y65T74,107.1
790,Lesotho,TOTAL_Y75T84,107.54
791,Lesotho,TOTAL_Y_GE85,166.96
792,Liberia,TOTAL_Y15T24,2.92
793,Liberia,TOTAL_Y25T34,4.49
794,Liberia,TOTAL_Y35T44,5.86
795,Liberia,TOTAL_Y45T54,9.12
796,Liberia,TOTAL_Y55T64,14.72
797,Liberia,TOTAL_Y65T74,29.36
798,Liberia,TOTAL_Y75T84,41.86
799,Liberia,TOTAL_Y_GE85,132.24
800,Libya,TOTAL_Y15T24,4.05
801,Libya,TOTAL_Y25T34,6.6
802,Libya,TOTAL_Y35T44,7.7
803,Libya,TOTAL_Y45T54,6.69
804,Libya,TOTAL_Y55T64,5.34
805,Libya,TOTAL_Y65T74,5.55
806,Libya,TOTAL_Y75T84,5.63
807,Libya,TOTAL_Y_GE85,10.66
808,Lithuania,TOTAL_Y15T24,13.19
809,Lithuania,TOTAL_Y25T34,26.45
810,Lithuania,TOTAL_Y35T44,29.97
811,Lithuania,TOTAL_Y45T54,30.88
812,Lithuania,TOTAL_Y55T64,35.57
813,Lithuania,TOTAL_Y65T74,38.45
814,Lithuania,TOTAL_Y75T84,35.64
815,Lithuania,TOTAL_Y_GE85,32.03
816,Low-income economies,TOTAL_Y15T24,
817,Low-income economies,TOTAL_Y25T34,
818,Low-income economies,TOTAL_Y35T44,
819,Low-income economies,TOTAL_Y45T54,
820,Low-income economies,TOTAL_Y55T64,
821,Low-income economies,TOTAL_Y65T74,
822,Low-income economies,TOTAL_Y75T84,
823,Low-income economies,TOTAL_Y_GE85,
824,Lower-middle-income economies,TOTAL_Y15T24,
825,Lower-middle-income economies,TOTAL_Y25T34,
826,Lower-middle-income economies,TOTAL_Y35T44,
827,Lower-middle-income economies,TOTAL_Y45T54,
828,Lower-middle-income economies,TOTAL_Y55T64,
829,Lower-middle-income economies,TOTAL_Y65T74,
830,Lower-middle-income economies,TOTAL_Y75T84,
831,Lower-middle-income economies,TOTAL_Y_GE85,
832,Luxembourg,TOTAL_Y15T24,5.25
833,Luxembourg,TOTAL_Y25T34,6.44
834,Luxembourg,TOTAL_Y35T44,11.87
835,Luxembourg,TOTAL_Y45T54,13.8
836,Luxembourg,TOTAL_Y55T64,19.61
837,Luxembourg,TOTAL_Y65T74,19.49
838,Luxembourg,TOTAL_Y75T84,24.62
839,Luxembourg,TOTAL_Y_GE85,20.04
840,Madagascar,TOTAL_Y15T24,3.43
841,Madagascar,TOTAL_Y25T34,4.76
842,Madagascar,TOTAL_Y35T44,6.45
843,Madagascar,TOTAL_Y45T54,13.49
844,Madagascar,TOTAL_Y55T64,21.7
845,Madagascar,TOTAL_Y65T74,33.38
846,Madagascar,TOTAL_Y75T84,48.38
847,Madagascar,TOTAL_Y_GE85,100.87
848,Malawi,TOTAL_Y15T24,4.16
849,Malawi,TOTAL_Y25T34,5.65
850,Malawi,TOTAL_Y35T44,6.67
851,Malawi,TOTAL_Y45T54,14.32
852,Malawi,TOTAL_Y55T64,25.45
853,Malawi,TOTAL_Y65T74,42.95
854,Malawi,TOTAL_Y75T84,61.75
855,Malawi,TOTAL_Y_GE85,173.48
856,Malaysia,TOTAL_Y15T24,4.03
857,Malaysia,TOTAL_Y25T34,6.35
858,Malaysia,TOTAL_Y35T44,6.28
859,Malaysia,TOTAL_Y45T54,7.38
860,Malaysia,TOTAL_Y55T64,10.52
861,Malaysia,TOTAL_Y65T74,15.56
862,Malaysia,TOTAL_Y75T84,20.65
863,Malaysia,TOTAL_Y_GE85,36.71
864,Maldives,TOTAL_Y15T24,3.19
865,Maldives,TOTAL_Y25T34,3.76
866,Maldives,TOTAL_Y35T44,2.02
867,Maldives,TOTAL_Y45T54,2.28
868,Maldives,TOTAL_Y55T64,3.15
869,Maldives,TOTAL_Y65T74,6.94
870,Maldives,TOTAL_Y75T84,12.2
871,Maldives,TOTAL_Y_GE85,27.51
872,Mali,TOTAL_Y15T24,2.89
873,Mali,TOTAL_Y25T34,4.04
874,Mali,TOTAL_Y35T44,6.09
875,Mali,TOTAL_Y45T54,11.7
876,Mali,TOTAL_Y55T64,18.22
877,Mali,TOTAL_Y65T74,29.48
878,Mali,TOTAL_Y75T84,40.03
879,Mali,TOTAL_Y_GE85,115.69
880,Malta,TOTAL_Y15T24,3.65
881,Malta,TOTAL_Y25T34,7.05
882,Malta,TOTAL_Y35T44,10.7
883,Malta,TOTAL_Y45T54,10.38
884,Malta,TOTAL_Y55T64,6.79
885,Malta,TOTAL_Y65T74,3.34
886,Malta,TOTAL_Y75T84,5.47
887,Malta,TOTAL_Y_GE85,9.88
888,Mauritania,TOTAL_Y15T24,1.79
889,Mauritania,TOTAL_Y25T34,2.95
890,Mauritania,TOTAL_Y35T44,3.63
891,Mauritania,TOTAL_Y45T54,5.81
892,Mauritania,TOTAL_Y55T64,12.38
893,Mauritania,TOTAL_Y65T74,23.67
894,Mauritania,TOTAL_Y75T84,35.85
895,Mauritania,TOTAL_Y_GE85,87.12
896,Mauritius,TOTAL_Y15T24,13.65
897,Mauritius,TOTAL_Y25T34,14.07
898,Mauritius,TOTAL_Y35T44,13.16
899,Mauritius,TOTAL_Y45T54,11.79
900,Mauritius,TOTAL_Y55T64,4.74
901,Mauritius,TOTAL_Y65T74,11.87
902,Mauritius,TOTAL_Y75T84,5.45
903,Mauritius,TOTAL_Y_GE85,9.16
904,Mexico,TOTAL_Y15T24,7.08
905,Mexico,TOTAL_Y25T34,7.45
906,Mexico,TOTAL_Y35T44,7.91
907,Mexico,TOTAL_Y45T54,6.27
908,Mexico,TOTAL_Y55T64,5.14
909,Mexico,TOTAL_Y65T74,5.67
910,Mexico,TOTAL_Y75T84,7.83
911,Mexico,TOTAL_Y_GE85,10.03
912,Micronesia (Federated States of),TOTAL_Y15T24,45.32
913,Micronesia (Federated States of),TOTAL_Y25T34,54.11
914,Micronesia (Federated States of),TOTAL_Y35T44,40.78
915,Micronesia (Federated States of),TOTAL_Y45T54,23.6
916,Micronesia (Federated States of),TOTAL_Y55T64,25.98
917,Micronesia (Federated States of),TOTAL_Y65T74,26.29
918,Micronesia (Federated States of),TOTAL_Y75T84,27.8
919,Micronesia (Federated States of),TOTAL_Y_GE85,66.43
920,Mongolia,TOTAL_Y15T24,20.1
921,Mongolia,TOTAL_Y25T34,33.54
922,Mongolia,TOTAL_Y35T44,30.02
923,Mongolia,TOTAL_Y45T54,23.17
924,Mongolia,TOTAL_Y55T64,15.16
925,Mongolia,TOTAL_Y65T74,13.3
926,Mongolia,TOTAL_Y75T84,14.41
927,Mongolia,TOTAL_Y_GE85,26.81
928,Montenegro,TOTAL_Y15T24,11.16
929,Montenegro,TOTAL_Y25T34,14.62
930,Montenegro,TOTAL_Y35T44,18.65
931,Montenegro,TOTAL_Y45T54,25.65
932,Montenegro,TOTAL_Y55T64,33.98
933,Montenegro,TOTAL_Y65T74,38.49
934,Montenegro,TOTAL_Y75T84,52.4
935,Montenegro,TOTAL_Y_GE85,94.67
936,Morocco,TOTAL_Y15T24,7.99
937,Morocco,TOTAL_Y25T34,8.71
938,Morocco,TOTAL_Y35T44,10.93
939,Morocco,TOTAL_Y45T54,10.17
940,Morocco,TOTAL_Y55T64,10.76
941,Morocco,TOTAL_Y65T74,11.87
942,Morocco,TOTAL_Y75T84,11.56
943,Morocco,TOTAL_Y_GE85,28.45
944,Mozambique,TOTAL_Y15T24,11.67
945,Mozambique,TOTAL_Y25T34,18.96
946,Mozambique,TOTAL_Y35T44,25.23
947,Mozambique,TOTAL_Y45T54,38.34
948,Mozambique,TOTAL_Y55T64,49.43
949,Mozambique,TOTAL_Y65T74,61.22
950,Mozambique,TOTAL_Y75T84,89.76
951,Mozambique,TOTAL_Y_GE85,246.09
952,Myanmar,TOTAL_Y15T24,3.39
953,Myanmar,TOTAL_Y25T34,4.03
954,Myanmar,TOTAL_Y35T44,3.74
955,Myanmar,TOTAL_Y45T54,3.31
956,Myanmar,TOTAL_Y55T64,4.06
957,Myanmar,TOTAL_Y65T74,5.46
958,Myanmar,TOTAL_Y75T84,6.42
959,Myanmar,TOTAL_Y_GE85,12.59
960,Namibia,TOTAL_Y15T24,7.77
961,Namibia,TOTAL_Y25T34,9.45
962,Namibia,TOTAL_Y35T44,18.28
963,Namibia,TOTAL_Y45T54,29.07
964,Namibia,TOTAL_Y55T64,26.47
965,Namibia,TOTAL_Y65T74,27.88
966,Namibia,TOTAL_Y75T84,38.01
967,Namibia,TOTAL_Y_GE85,72.22
968,Nepal,TOTAL_Y15T24,11.26
969,Nepal,TOTAL_Y25T34,9.82
970,Nepal,TOTAL_Y35T44,10.08
971,Nepal,TOTAL_Y45T54,15.6
972,Nepal,TOTAL_Y55T64,18.37
973,Nepal,TOTAL_Y65T74,17.28
974,Nepal,TOTAL_Y75T84,21.06
975,Nepal,TOTAL_Y_GE85,37.38
976,Netherlands (Kingdom of the),TOTAL_Y15T24,6.37
977,Netherlands (Kingdom of the),TOTAL_Y25T34,10.51
978,Netherlands (Kingdom of the),TOTAL_Y35T44,12.58
979,Netherlands (Kingdom of the),TOTAL_Y45T54,17.37
980,Netherlands (Kingdom of the),TOTAL_Y55T64,18.46
981,Netherlands (Kingdom of the),TOTAL_Y65T74,14.01
982,Netherlands (Kingdom of the),TOTAL_Y75T84,16.47
983,Netherlands (Kingdom of the),TOTAL_Y_GE85,19.54
984,New Zealand,TOTAL_Y15T24,12.53
985,New Zealand,TOTAL_Y25T34,15.06
986,New Zealand,TOTAL_Y35T44,14.25
987,New Zealand,TOTAL_Y45T54,15.24
988,New Zealand,TOTAL_Y55T64,13.87
989,New Zealand,TOTAL_Y65T74,8.24
990,New Zealand,TOTAL_Y75T84,10.83
991,New Zealand,TOTAL_Y_GE85,12.54
992,Nicaragua,TOTAL_Y15T24,6.99
993,Nicaragua,TOTAL_Y25T34,4.65
994,Nicaragua,TOTAL_Y35T44,4.39
995,Nicaragua,TOTAL_Y45T54,5.09
996,Nicaragua,TOTAL_Y55T64,8.08
997,Nicaragua,TOTAL_Y65T74,9.08
998,Nicaragua,TOTAL_Y75T84,8.67
999,Nicaragua,TOTAL_Y_GE85,9.79
1000,Niger,TOTAL_Y15T24,3.24
1001,Niger,TOTAL_Y25T34,4.5
1002,Niger,TOTAL_Y35T44,6.75
1003,Niger,TOTAL_Y45T54,14.27
1004,Niger,TOTAL_Y55T64,23.78
1005,Niger,TOTAL_Y65T74,39.88
1006,Niger,TOTAL_Y75T84,51.89
1007,Niger,TOTAL_Y_GE85,170.41
1008,Nigeria,TOTAL_Y15T24,1.83
1009,Nigeria,TOTAL_Y25T34,3.16
1010,Nigeria,TOTAL_Y35T44,4.33
1011,Nigeria,TOTAL_Y45T54,6.84
1012,Nigeria,TOTAL_Y55T64,14.65
1013,Nigeria,TOTAL_Y65T74,29.62
1014,Nigeria,TOTAL_Y75T84,49.62
1015,Nigeria,TOTAL_Y_GE85,201.08
1016,North Macedonia,TOTAL_Y15T24,2.96
1017,North Macedonia,TOTAL_Y25T34,7.03
1018,North Macedonia,TOTAL_Y35T44,6.76
1019,North Macedonia,TOTAL_Y45T54,12.38
1020,North Macedonia,TOTAL_Y55T64,14.45
1021,North Macedonia,TOTAL_Y65T74,20.17
1022,North Macedonia,TOTAL_Y75T84,25.43
1023,North Macedonia,TOTAL_Y_GE85,58.64
1024,Norway,TOTAL_Y15T24,7.74
1025,Norway,TOTAL_Y25T34,13.2
1026,Norway,TOTAL_Y35T44,13.41
1027,Norway,TOTAL_Y45T54,17.03
1028,Norway,TOTAL_Y55T64,18.14
1029,Norway,TOTAL_Y65T74,13.69
1030,Norway,TOTAL_Y75T84,13.92
1031,Norway,TOTAL_Y_GE85,14.18
1032,Oman,TOTAL_Y15T24,9.77
1033,Oman,TOTAL_Y25T34,7.03
1034,Oman,TOTAL_Y35T44,4.57
1035,Oman,TOTAL_Y45T54,3.25
1036,Oman,TOTAL_Y55T64,3.3
1037,Oman,TOTAL_Y65T74,5.27
1038,Oman,TOTAL_Y75T84,9.5
1039,Oman,TOTAL_Y_GE85,16.06
1040,Pakistan,TOTAL_Y15T24,13.15
1041,Pakistan,TOTAL_Y25T34,17.07
1042,Pakistan,TOTAL_Y35T44,13.28
1043,Pakistan,TOTAL_Y45T54,10.97
1044,Pakistan,TOTAL_Y55T64,9.28
1045,Pakistan,TOTAL_Y65T74,9.03
1046,Pakistan,TOTAL_Y75T84,12.58
1047,Pakistan,TOTAL_Y_GE85,28.89
1048,Panama,TOTAL_Y15T24,3.29
1049,Panama,TOTAL_Y25T34,3.35
1050,Panama,TOTAL_Y35T44,2.76
1051,Panama,TOTAL_Y45T54,3.31
1052,Panama,TOTAL_Y55T64,5.65
1053,Panama,TOTAL_Y65T74,4.8
1054,Panama,TOTAL_Y75T84,7.16
1055,Panama,TOTAL_Y_GE85,8.83
1056,Papua New Guinea,TOTAL_Y15T24,2.98
1057,Papua New Guinea,TOTAL_Y25T34,4.03
1058,Papua New Guinea,TOTAL_Y35T44,5.95
1059,Papua New Guinea,TOTAL_Y45T54,4.7
1060,Papua New Guinea,TOTAL_Y55T64,5.88
1061,Papua New Guinea,TOTAL_Y65T74,7.05
1062,Papua New Guinea,TOTAL_Y75T84,6.13
1063,Papua New Guinea,TOTAL_Y_GE85,13.98
1064,Paraguay,TOTAL_Y15T24,9.26
1065,Paraguay,TOTAL_Y25T34,8.16
1066,Paraguay,TOTAL_Y35T44,6.09
1067,Paraguay,TOTAL_Y45T54,6.7
1068,Paraguay,TOTAL_Y55T64,8.79
1069,Paraguay,TOTAL_Y65T74,9.84
1070,Paraguay,TOTAL_Y75T84,7.16
1071,Paraguay,TOTAL_Y_GE85,10.04
1072,Peru,TOTAL_Y15T24,3.23
1073,Peru,TOTAL_Y25T34,4.1
1074,Peru,TOTAL_Y35T44,3.6
1075,Peru,TOTAL_Y45T54,3.28
1076,Peru,TOTAL_Y55T64,3.43
1077,Peru,TOTAL_Y65T74,3.98
1078,Peru,TOTAL_Y75T84,4.64
1079,Peru,TOTAL_Y_GE85,6.27
1080,Philippines,TOTAL_Y15T24,1.98
1081,Philippines,TOTAL_Y25T34,3.01
1082,Philippines,TOTAL_Y35T44,2.72
1083,Philippines,TOTAL_Y45T54,2.63
1084,Philippines,TOTAL_Y55T64,2.84
1085,Philippines,TOTAL_Y65T74,4.81
1086,Philippines,TOTAL_Y75T84,9.33
1087,Philippines,TOTAL_Y_GE85,19.24
1088,Poland,TOTAL_Y15T24,8.54
1089,Poland,TOTAL_Y25T34,12.05
1090,Poland,TOTAL_Y35T44,12.28
1091,Poland,TOTAL_Y45T54,15.35
1092,Poland,TOTAL_Y55T64,17.86
1093,Poland,TOTAL_Y65T74,13.35
1094,Poland,TOTAL_Y75T84,11.71
1095,Poland,TOTAL_Y_GE85,13.48
1096,Portugal,TOTAL_Y15T24,2.93
1097,Portugal,TOTAL_Y25T34,6.34
1098,Portugal,TOTAL_Y35T44,8.0
1099,Portugal,TOTAL_Y45T54,15.14
1100,Portugal,TOTAL_Y55T64,14.99
1101,Portugal,TOTAL_Y65T74,16.79
1102,Portugal,TOTAL_Y75T84,26.89
1103,Portugal,TOTAL_Y_GE85,31.84
1104,Qatar,TOTAL_Y15T24,6.94
1105,Qatar,TOTAL_Y25T34,7.33
1106,Qatar,TOTAL_Y35T44,7.48
1107,Qatar,TOTAL_Y45T54,5.3
1108,Qatar,TOTAL_Y55T64,3.03
1109,Qatar,TOTAL_Y65T74,4.65
1110,Qatar,TOTAL_Y75T84,10.27
1111,Qatar,TOTAL_Y_GE85,22.26
1112,Republic of Korea,TOTAL_Y15T24,14.28
1113,Republic of Korea,TOTAL_Y25T34,22.4
1114,Republic of Korea,TOTAL_Y35T44,29.45
1115,Republic of Korea,TOTAL_Y45T54,34.4
1116,Republic of Korea,TOTAL_Y55T64,37.1
1117,Republic of Korea,TOTAL_Y65T74,38.18
1118,Republic of Korea,TOTAL_Y75T84,69.89
1119,Republic of Korea,TOTAL_Y_GE85,113.26
1120,Republic of Moldova,TOTAL_Y15T24,8.87
1121,Republic of Moldova,TOTAL_Y25T34,11.9
1122,Republic of Moldova,TOTAL_Y35T44,16.04
1123,Republic of Moldova,TOTAL_Y45T54,24.08
1124,Republic of Moldova,TOTAL_Y55T64,27.04
1125,Republic of Moldova,TOTAL_Y65T74,17.36
1126,Republic of Moldova,TOTAL_Y75T84,15.3
1127,Republic of Moldova,TOTAL_Y_GE85,18.4
1128,Romania,TOTAL_Y15T24,4.66
1129,Romania,TOTAL_Y25T34,6.3
1130,Romania,TOTAL_Y35T44,9.9
1131,Romania,TOTAL_Y45T54,14.92
1132,Romania,TOTAL_Y55T64,15.34
1133,Romania,TOTAL_Y65T74,14.52
1134,Romania,TOTAL_Y75T84,14.91
1135,Romania,TOTAL_Y_GE85,22.02
1136,Russian Federation,TOTAL_Y15T24,17.81
1137,Russian Federation,TOTAL_Y25T34,26.86
1138,Russian Federation,TOTAL_Y35T44,40.67
1139,Russian Federation,TOTAL_Y45T54,34.43
1140,Russian Federation,TOTAL_Y55T64,28.27
1141,Russian Federation,TOTAL_Y65T74,27.77
1142,Russian Federation,TOTAL_Y75T84,34.08
1143,Russian Federation,TOTAL_Y_GE85,58.6
1144,Rwanda,TOTAL_Y15T24,3.56
1145,Rwanda,TOTAL_Y25T34,5.17
1146,Rwanda,TOTAL_Y35T44,6.68
1147,Rwanda,TOTAL_Y45T54,13.86
1148,Rwanda,TOTAL_Y55T64,21.54
1149,Rwanda,TOTAL_Y65T74,33.23
1150,Rwanda,TOTAL_Y75T84,51.86
1151,Rwanda,TOTAL_Y_GE85,82.7
1152,Saint Lucia,TOTAL_Y15T24,4.84
1153,Saint Lucia,TOTAL_Y25T34,7.76
1154,Saint Lucia,TOTAL_Y35T44,10.22
1155,Saint Lucia,TOTAL_Y45T54,9.69
1156,Saint Lucia,TOTAL_Y55T64,11.0
1157,Saint Lucia,TOTAL_Y65T74,13.35
1158,Saint Lucia,TOTAL_Y75T84,20.68
1159,Saint Lucia,TOTAL_Y_GE85,30.1
1160,Saint Vincent and the Grenadines,TOTAL_Y15T24,1.32
1161,Saint Vincent and the Grenadines,TOTAL_Y25T34,0.91
1162,Saint Vincent and the Grenadines,TOTAL_Y35T44,1.72
1163,Saint Vincent and the Grenadines,TOTAL_Y45T54,
1164,Saint Vincent and the Grenadines,TOTAL_Y55T64,0.0
1165,Saint Vincent and the Grenadines,TOTAL_Y65T74,
1166,Saint Vincent and the Grenadines,TOTAL_Y75T84,3.06
1167,Saint Vincent and the Grenadines,TOTAL_Y_GE85,
1168,Samoa,TOTAL_Y15T24,24.29
1169,Samoa,TOTAL_Y25T34,23.27
1170,Samoa,TOTAL_Y35T44,18.9
1171,Samoa,TOTAL_Y45T54,11.84
1172,Samoa,TOTAL_Y55T64,14.42
1173,Samoa,TOTAL_Y65T74,15.7
1174,Samoa,TOTAL_Y75T84,19.07
1175,Samoa,TOTAL_Y_GE85,40.15
1176,Sao Tome and Principe,TOTAL_Y15T24,1.57
1177,Sao Tome and Principe,TOTAL_Y25T34,2.07
1178,Sao Tome and Principe,TOTAL_Y35T44,2.37
1179,Sao Tome and Principe,TOTAL_Y45T54,3.23
1180,Sao Tome and Principe,TOTAL_Y55T64,4.39
1181,Sao Tome and Principe,TOTAL_Y65T74,5.83
1182,Sao Tome and Principe,TOTAL_Y75T84,6.68
1183,Sao Tome and Principe,TOTAL_Y_GE85,14.19
1184,Saudi Arabia,TOTAL_Y15T24,3.88
1185,Saudi Arabia,TOTAL_Y25T34,8.77
1186,Saudi Arabia,TOTAL_Y35T44,10.01
1187,Saudi Arabia,TOTAL_Y45T54,8.56
1188,Saudi Arabia,TOTAL_Y55T64,7.2
1189,Saudi Arabia,TOTAL_Y65T74,5.96
1190,Saudi Arabia,TOTAL_Y75T84,5.59
1191,Saudi Arabia,TOTAL_Y_GE85,9.72
1192,Senegal,TOTAL_Y15T24,3.61
1193,Senegal,TOTAL_Y25T34,5.72
1194,Senegal,TOTAL_Y35T44,7.12
1195,Senegal,TOTAL_Y45T54,13.75
1196,Senegal,TOTAL_Y55T64,25.28
1197,Senegal,TOTAL_Y65T74,45.19
1198,Senegal,TOTAL_Y75T84,67.8
1199,Senegal,TOTAL_Y_GE85,205.02
1200,Serbia,TOTAL_Y15T24,2.66
1201,Serbia,TOTAL_Y25T34,6.43
1202,Serbia,TOTAL_Y35T44,10.39
1203,Serbia,TOTAL_Y45T54,13.25
1204,Serbia,TOTAL_Y55T64,15.14
1205,Serbia,TOTAL_Y65T74,18.84
1206,Serbia,TOTAL_Y75T84,35.61
1207,Serbia,TOTAL_Y_GE85,61.37
1208,Seychelles,TOTAL_Y15T24,7.59
1209,Seychelles,TOTAL_Y25T34,11.64
1210,Seychelles,TOTAL_Y35T44,10.48
1211,Seychelles,TOTAL_Y45T54,10.37
1212,Seychelles,TOTAL_Y55T64,10.34
1213,Seychelles,TOTAL_Y65T74,12.83
1214,Seychelles,TOTAL_Y75T84,15.84
1215,Seychelles,TOTAL_Y_GE85,19.21
1216,Sierra Leone,TOTAL_Y15T24,3.73
1217,Sierra Leone,TOTAL_Y25T34,6.37
1218,Sierra Leone,TOTAL_Y35T44,10.41
1219,Sierra Leone,TOTAL_Y45T54,17.88
1220,Sierra Leone,TOTAL_Y55T64,26.16
1221,Sierra Leone,TOTAL_Y65T74,39.86
1222,Sierra Leone,TOTAL_Y75T84,50.64
1223,Sierra Leone,TOTAL_Y_GE85,125.08
1224,Singapore,TOTAL_Y15T24,12.92
1225,Singapore,TOTAL_Y25T34,14.26
1226,Singapore,TOTAL_Y35T44,10.85
1227,Singapore,TOTAL_Y45T54,10.36
1228,Singapore,TOTAL_Y55T64,13.88
1229,Singapore,TOTAL_Y65T74,12.02
1230,Singapore,TOTAL_Y75T84,17.86
1231,Singapore,TOTAL_Y_GE85,32.18
1232,Slovakia,TOTAL_Y15T24,5.67
1233,Slovakia,TOTAL_Y25T34,8.68
1234,Slovakia,TOTAL_Y35T44,11.93
1235,Slovakia,TOTAL_Y45T54,19.64
1236,Slovakia,TOTAL_Y55T64,
1237,Slovakia,TOTAL_Y65T74,17.41
1238,Slovakia,TOTAL_Y75T84,18.74
1239,Slovakia,TOTAL_Y_GE85,25.85
1240,Slovenia,TOTAL_Y15T24,7.67
1241,Slovenia,TOTAL_Y25T34,15.24
1242,Slovenia,TOTAL_Y35T44,16.73
1243,Slovenia,TOTAL_Y45T54,24.57
1244,Slovenia,TOTAL_Y55T64,25.53
1245,Slovenia,TOTAL_Y65T74,34.69
1246,Slovenia,TOTAL_Y75T84,38.03
1247,Slovenia,TOTAL_Y_GE85,35.81
1248,Solomon Islands,TOTAL_Y15T24,24.22
1249,Solomon Islands,TOTAL_Y25T34,31.02
1250,Solomon Islands,TOTAL_Y35T44,25.99
1251,Solomon Islands,TOTAL_Y45T54,16.83
1252,Solomon Islands,TOTAL_Y55T64,16.54
1253,Solomon Islands,TOTAL_Y65T74,16.03
1254,Solomon Islands,TOTAL_Y75T84,18.06
1255,Solomon Islands,TOTAL_Y_GE85,36.99
1256,Somalia,TOTAL_Y15T24,5.35
1257,Somalia,TOTAL_Y25T34,7.37
1258,Somalia,TOTAL_Y35T44,12.78
1259,Somalia,TOTAL_Y45T54,23.69
1260,Somalia,TOTAL_Y55T64,37.97
1261,Somalia,TOTAL_Y65T74,50.3
1262,Somalia,TOTAL_Y75T84,63.69
1263,Somalia,TOTAL_Y_GE85,153.92
1264,South Africa,TOTAL_Y15T24,13.57
1265,South Africa,TOTAL_Y25T34,47.27
1266,South Africa,TOTAL_Y35T44,47.86
1267,South Africa,TOTAL_Y45T54,34.71
1268,South Africa,TOTAL_Y55T64,21.54
1269,South Africa,TOTAL_Y65T74,16.92
1270,South Africa,TOTAL_Y75T84,20.08
1271,South Africa,TOTAL_Y_GE85,54.18
1272,South Sudan,TOTAL_Y15T24,2.45
1273,South Sudan,TOTAL_Y25T34,3.39
1274,South Sudan,TOTAL_Y35T44,4.8
1275,South Sudan,TOTAL_Y45T54,8.16
1276,South Sudan,TOTAL_Y55T64,12.81
1277,South Sudan,TOTAL_Y65T74,27.3
1278,South Sudan,TOTAL_Y75T84,46.81
1279,South Sudan,TOTAL_Y_GE85,114.18
1280,South-East Asia,TOTAL_Y15T24,
1281,South-East Asia,TOTAL_Y25T34,
1282,South-East Asia,TOTAL_Y35T44,
1283,South-East Asia,TOTAL_Y45T54,
1284,South-East Asia,TOTAL_Y55T64,
1285,South-East Asia,TOTAL_Y65T74,
1286,South-East Asia,TOTAL_Y75T84,
1287,South-East Asia,TOTAL_Y_GE85,
1288,Spain,TOTAL_Y15T24,2.71
1289,Spain,TOTAL_Y25T34,4.87
1290,Spain,TOTAL_Y35T44,7.18
1291,Spain,TOTAL_Y45T54,10.24
1292,Spain,TOTAL_Y55T64,10.3
1293,Spain,TOTAL_Y65T74,10.26
1294,Spain,TOTAL_Y75T84,16.22
1295,Spain,TOTAL_Y_GE85,13.57
1296,Sri Lanka,TOTAL_Y15T24,14.08
1297,Sri Lanka,TOTAL_Y25T34,12.77
1298,Sri Lanka,TOTAL_Y35T44,13.18
1299,Sri Lanka,TOTAL_Y45T54,17.14
1300,Sri Lanka,TOTAL_Y55T64,21.93
1301,Sri Lanka,TOTAL_Y65T74,32.42
1302,Sri Lanka,TOTAL_Y75T84,38.87
1303,Sri Lanka,TOTAL_Y_GE85,43.44
1304,Sudan,TOTAL_Y15T24,5.3
1305,Sudan,TOTAL_Y25T34,7.37
1306,Sudan,TOTAL_Y35T44,6.8
1307,Sudan,TOTAL_Y45T54,5.72
1308,Sudan,TOTAL_Y55T64,5.7
1309,Sudan,TOTAL_Y65T74,6.31
1310,Sudan,TOTAL_Y75T84,6.98
1311,Sudan,TOTAL_Y_GE85,15.12
1312,Suriname,TOTAL_Y15T24,15.59
1313,Suriname,TOTAL_Y25T34,46.16
1314,Suriname,TOTAL_Y35T44,25.75
1315,Suriname,TOTAL_Y45T54,29.76
1316,Suriname,TOTAL_Y55T64,50.54
1317,Suriname,TOTAL_Y65T74,47.26
1318,Suriname,TOTAL_Y75T84,72.66
1319,Suriname,TOTAL_Y_GE85,131.61
1320,Sweden,TOTAL_Y15T24,10.98
1321,Sweden,TOTAL_Y25T34,19.48
1322,Sweden,TOTAL_Y35T44,16.12
1323,Sweden,TOTAL_Y45T54,17.97
1324,Sweden,TOTAL_Y55T64,19.86
1325,Sweden,TOTAL_Y65T74,16.3
1326,Sweden,TOTAL_Y75T84,19.09
1327,Sweden,TOTAL_Y_GE85,24.37
1328,Switzerland,TOTAL_Y15T24,6.55
1329,Switzerland,TOTAL_Y25T34,7.83
1330,Switzerland,TOTAL_Y35T44,10.47
1331,Switzerland,TOTAL_Y45T54,17.66
1332,Switzerland,TOTAL_Y55T64,21.03
1333,Switzerland,TOTAL_Y65T74,21.15
1334,Switzerland,TOTAL_Y75T84,32.36
1335,Switzerland,TOTAL_Y_GE85,35.77
1336,Syrian Arab Republic,TOTAL_Y15T24,2.25
1337,Syrian Arab Republic,TOTAL_Y25T34,2.95
1338,Syrian Arab Republic,TOTAL_Y35T44,2.83
1339,Syrian Arab Republic,TOTAL_Y45T54,2.74
1340,Syrian Arab Republic,TOTAL_Y55T64,2.84
1341,Syrian Arab Republic,TOTAL_Y65T74,3.09
1342,Syrian Arab Republic,TOTAL_Y75T84,3.44
1343,Syrian Arab Republic,TOTAL_Y_GE85,6.07
1344,Tajikistan,TOTAL_Y15T24,5.0
1345,Tajikistan,TOTAL_Y25T34,6.38
1346,Tajikistan,TOTAL_Y35T44,8.1
1347,Tajikistan,TOTAL_Y45T54,7.64
1348,Tajikistan,TOTAL_Y55T64,7.32
1349,Tajikistan,TOTAL_Y65T74,9.1
1350,Tajikistan,TOTAL_Y75T84,12.51
1351,Tajikistan,TOTAL_Y_GE85,28.46
1352,Thailand,TOTAL_Y15T24,6.84
1353,Thailand,TOTAL_Y25T34,15.66
1354,Thailand,TOTAL_Y35T44,11.9
1355,Thailand,TOTAL_Y45T54,8.22
1356,Thailand,TOTAL_Y55T64,8.48
1357,Thailand,TOTAL_Y65T74,11.69
1358,Thailand,TOTAL_Y75T84,13.85
1359,Thailand,TOTAL_Y_GE85,18.54
1360,Timor-Leste,TOTAL_Y15T24,5.35
1361,Timor-Leste,TOTAL_Y25T34,4.98
1362,Timor-Leste,TOTAL_Y35T44,4.5
1363,Timor-Leste,TOTAL_Y45T54,5.34
1364,Timor-Leste,TOTAL_Y55T64,6.49
1365,Timor-Leste,TOTAL_Y65T74,10.74
1366,Timor-Leste,TOTAL_Y75T84,12.88
1367,Timor-Leste,TOTAL_Y_GE85,33.81
1368,Togo,TOTAL_Y15T24,5.31
1369,Togo,TOTAL_Y25T34,9.09
1370,Togo,TOTAL_Y35T44,13.71
1371,Togo,TOTAL_Y45T54,24.5
1372,Togo,TOTAL_Y55T64,33.56
1373,Togo,TOTAL_Y65T74,50.79
1374,Togo,TOTAL_Y75T84,66.19
1375,Togo,TOTAL_Y_GE85,220.89
1376,Tonga,TOTAL_Y15T24,5.92
1377,Tonga,TOTAL_Y25T34,5.52
1378,Tonga,TOTAL_Y35T44,4.95
1379,Tonga,TOTAL_Y45T54,4.33
1380,Tonga,TOTAL_Y55T64,6.38
1381,Tonga,TOTAL_Y65T74,7.53
1382,Tonga,TOTAL_Y75T84,10.22
1383,Tonga,TOTAL_Y_GE85,19.92
1384,Trinidad and Tobago,TOTAL_Y15T24,12.91
1385,Trinidad and Tobago,TOTAL_Y25T34,12.68
1386,Trinidad and Tobago,TOTAL_Y35T44,10.52
1387,Trinidad and Tobago,TOTAL_Y45T54,10.21
1388,Trinidad and Tobago,TOTAL_Y55T64,8.77
1389,Trinidad and Tobago,TOTAL_Y65T74,7.83
1390,Trinidad and Tobago,TOTAL_Y75T84,9.51
1391,Trinidad and Tobago,TOTAL_Y_GE85,13.2
1392,Tunisia,TOTAL_Y15T24,3.51
1393,Tunisia,TOTAL_Y25T34,5.0
1394,Tunisia,TOTAL_Y35T44,4.45
1395,Tunisia,TOTAL_Y45T54,3.25
1396,Tunisia,TOTAL_Y55T64,3.73
1397,Tunisia,TOTAL_Y65T74,4.73
1398,Tunisia,TOTAL_Y75T84,6.64
1399,Tunisia,TOTAL_Y_GE85,12.18
1400,Turkmenistan,TOTAL_Y15T24,8.19
1401,Turkmenistan,TOTAL_Y25T34,
1402,Turkmenistan,TOTAL_Y35T44,8.71
1403,Turkmenistan,TOTAL_Y45T54,7.44
1404,Turkmenistan,TOTAL_Y55T64,6.45
1405,Turkmenistan,TOTAL_Y65T74,8.94
1406,Turkmenistan,TOTAL_Y75T84,10.01
1407,Turkmenistan,TOTAL_Y_GE85,20.34
1408,Türkiye,TOTAL_Y15T24,2.86
1409,Türkiye,TOTAL_Y25T34,2.8
1410,Türkiye,TOTAL_Y35T44,3.18
1411,Türkiye,TOTAL_Y45T54,3.16
1412,Türkiye,TOTAL_Y55T64,2.94
1413,Türkiye,TOTAL_Y65T74,3.45
1414,Türkiye,TOTAL_Y75T84,4.31
1415,Türkiye,TOTAL_Y_GE85,6.99
1416,Uganda,TOTAL_Y15T24,3.36
1417,Uganda,TOTAL_Y25T34,4.56
1418,Uganda,TOTAL_Y35T44,6.21
1419,Uganda,TOTAL_Y45T54,14.66
1420,Uganda,TOTAL_Y55T64,25.92
1421,Uganda,TOTAL_Y65T74,42.54
1422,Uganda,TOTAL_Y75T84,64.05
1423,Uganda,TOTAL_Y_GE85,155.21
1424,Ukraine,TOTAL_Y15T24,12.31
1425,Ukraine,TOTAL_Y25T34,23.77
1426,Ukraine,TOTAL_Y35T44,30.61
1427,Ukraine,TOTAL_Y45T54,30.32
1428,Ukraine,TOTAL_Y55T64,24.72
1429,Ukraine,TOTAL_Y65T74,25.14
1430,Ukraine,TOTAL_Y75T84,30.59
1431,Ukraine,TOTAL_Y_GE85,58.28
1432,United Arab Emirates,TOTAL_Y15T24,5.67
1433,United Arab Emirates,TOTAL_Y25T34,8.11
1434,United Arab Emirates,TOTAL_Y35T44,7.88
1435,United Arab Emirates,TOTAL_Y45T54,7.36
1436,United Arab Emirates,TOTAL_Y55T64,7.05
1437,United Arab Emirates,TOTAL_Y65T74,6.12
1438,United Arab Emirates,TOTAL_Y75T84,9.21
1439,United Arab Emirates,TOTAL_Y_GE85,17.06
1440,United Kingdom of Great Britain and Northern Ireland,TOTAL_Y15T24,4.94
1441,United Kingdom of Great Britain and Northern Ireland,TOTAL_Y25T34,8.88
1442,United Kingdom of Great Britain and Northern Ireland,TOTAL_Y35T44,11.74
1443,United Kingdom of Great Britain and Northern Ireland,TOTAL_Y45T54,13.48
1444,United Kingdom of Great Britain and Northern Ireland,TOTAL_Y55T64,11.15
1445,United Kingdom of Great Britain and Northern Ireland,TOTAL_Y65T74,6.83
1446,United Kingdom of Great Britain and Northern Ireland,TOTAL_Y75T84,6.99
1447,United Kingdom of Great Britain and Northern Ireland,TOTAL_Y_GE85,8.03
1448,United Republic of Tanzania,TOTAL_Y15T24,3.27
1449,United Republic of Tanzania,TOTAL_Y25T34,4.82
1450,United Republic of Tanzania,TOTAL_Y35T44,6.15
1451,United Republic of Tanzania,TOTAL_Y45T54,9.95
1452,United Republic of Tanzania,TOTAL_Y55T64,17.65
1453,United Republic of Tanzania,TOTAL_Y65T74,31.53
1454,United Republic of Tanzania,TOTAL_Y75T84,50.18
1455,United Republic of Tanzania,TOTAL_Y_GE85,159.87
1456,United States of America,TOTAL_Y15T24,14.4
1457,United States of America,TOTAL_Y25T34,23.84
1458,United States of America,TOTAL_Y35T44,19.34
1459,United States of America,TOTAL_Y45T54,19.98
1460,United States of America,TOTAL_Y55T64,21.27
1461,United States of America,TOTAL_Y65T74,17.25
1462,United States of America,TOTAL_Y75T84,19.6
1463,United States of America,TOTAL_Y_GE85,19.44
1464,Upper-middle-income economies,TOTAL_Y15T24,
1465,Upper-middle-income economies,TOTAL_Y25T34,
1466,Upper-middle-income economies,TOTAL_Y35T44,
1467,Upper-middle-income economies,TOTAL_Y45T54,
1468,Upper-middle-income economies,TOTAL_Y55T64,
1469,Upper-middle-income economies,TOTAL_Y65T74,
1470,Upper-middle-income economies,TOTAL_Y75T84,
1471,Upper-middle-income economies,TOTAL_Y_GE85,
1472,Uruguay,TOTAL_Y15T24,20.93
1473,Uruguay,TOTAL_Y25T34,26.62
1474,Uruguay,TOTAL_Y35T44,24.01
1475,Uruguay,TOTAL_Y45T54,23.12
1476,Uruguay,TOTAL_Y55T64,29.02
1477,Uruguay,TOTAL_Y65T74,29.96
1478,Uruguay,TOTAL_Y75T84,39.91
1479,Uruguay,TOTAL_Y_GE85,38.94
1480,Uzbekistan,TOTAL_Y15T24,14.09
1481,Uzbekistan,TOTAL_Y25T34,9.27
1482,Uzbekistan,TOTAL_Y35T44,11.48
1483,Uzbekistan,TOTAL_Y45T54,10.74
1484,Uzbekistan,TOTAL_Y55T64,8.23
1485,Uzbekistan,TOTAL_Y65T74,8.12
1486,Uzbekistan,TOTAL_Y75T84,8.73
1487,Uzbekistan,TOTAL_Y_GE85,15.25
1488,Vanuatu,TOTAL_Y15T24,31.4
1489,Vanuatu,TOTAL_Y25T34,33.43
1490,Vanuatu,TOTAL_Y35T44,28.84
1491,Vanuatu,TOTAL_Y45T54,19.26
1492,Vanuatu,TOTAL_Y55T64,22.19
1493,Vanuatu,TOTAL_Y65T74,23.64
1494,Vanuatu,TOTAL_Y75T84,29.2
1495,Vanuatu,TOTAL_Y_GE85,130.18
1496,Venezuela (Bolivarian Republic of),TOTAL_Y15T24,2.78
1497,Venezuela (Bolivarian Republic of),TOTAL_Y25T34,2.61
1498,Venezuela (Bolivarian Republic of),TOTAL_Y35T44,2.49
1499,Venezuela (Bolivarian Republic of),TOTAL_Y45T54,2.24
1500,Venezuela (Bolivarian Republic of),TOTAL_Y55T64,2.76
1501,Venezuela (Bolivarian Republic of),TOTAL_Y65T74,3.74
1502,Venezuela (Bolivarian Republic of),TOTAL_Y75T84,6.31
1503,Venezuela (Bolivarian Republic of),TOTAL_Y_GE85,7.32
1504,Viet Nam,TOTAL_Y15T24,5.36
1505,Viet Nam,TOTAL_Y25T34,7.21
1506,Viet Nam,TOTAL_Y35T44,7.28
1507,Viet Nam,TOTAL_Y45T54,8.43
1508,Viet Nam,TOTAL_Y55T64,15.19
1509,Viet Nam,TOTAL_Y65T74,22.88
1510,Viet Nam,TOTAL_Y75T84,24.44
1511,Viet Nam,TOTAL_Y_GE85,21.44
1512,Western Pacific,TOTAL_Y15T24,
1513,Western Pacific,TOTAL_Y25T34,
1514,Western Pacific,TOTAL_Y35T44,
1515,Western Pacific,TOTAL_Y45T54,
1516,Western Pacific,TOTAL_Y55T64,
1517,Western Pacific,TOTAL_Y65T74,
1518,Western Pacific,TOTAL_Y75T84,
1519,Western Pacific,TOTAL_Y_GE85,
1520,World,TOTAL_Y15T24,
1521,World,TOTAL_Y25T34,
1522,World,TOTAL_Y35T44,
1523,World,TOTAL_Y45T54,
1524,World,TOTAL_Y55T64,
1525,World,TOTAL_Y65T74,
1526,World,TOTAL_Y75T84,
1527,World,TOTAL_Y_GE85,
1528,Yemen,TOTAL_Y15T24,7.66
1529,Yemen,TOTAL_Y25T34,9.85
1530,Yemen,TOTAL_Y35T44,11.18
1531,Yemen,TOTAL_Y45T54,10.0
1532,Yemen,TOTAL_Y55T64,8.3
1533,Yemen,TOTAL_Y65T74,7.99
1534,Yemen,TOTAL_Y75T84,7.91
1535,Yemen,TOTAL_Y_GE85,18.52
1536,Zambia,TOTAL_Y15T24,4.65
1537,Zambia,TOTAL_Y25T34,6.98
1538,Zambia,TOTAL_Y35T44,15.89
1539,Zambia,TOTAL_Y45T54,26.83
1540,Zambia,TOTAL_Y55T64,35.29
1541,Zambia,TOTAL_Y65T74,45.14
1542,Zambia,TOTAL_Y75T84,57.41
1543,Zambia,TOTAL_Y_GE85,151.66
1544,Zimbabwe,TOTAL_Y15T24,11.46
1545,Zimbabwe,TOTAL_Y25T34,13.5
1546,Zimbabwe,TOTAL_Y35T44,26.88
1547,Zimbabwe,TOTAL_Y45T54,48.36
1548,Zimbabwe,TOTAL_Y55T64,51.49
1549,Zimbabwe,TOTAL_Y65T74,63.08
1550,Zimbabwe,TOTAL_Y75T84,88.29
1551,Zimbabwe,TOTAL_Y_GE85,183.93
